Fenotipo 1,Estado inicial,,,,,,,,,,,,,,,,,,,,,,,,,,Fenotipo 2,Estado final,,,,,,,,,,,,,,,,,,,,,,,,,,t de manipulaci√≥n,Gen perturbado
NLC,0,1,1,0,1,0,0,0,0,0,0,0,0,1,0,0,0,1,0,0,1,1,0,1,1,1,NLC,0,1,1,0,1,0,0,0,0,0,0,0,0,0,0,0,0,1,0,0,1,0,0,1,1,1,0.61,NFkb
NLC,0,1,1,0,1,0,1,0,0,0,0,0,0,1,0,0,0,1,0,0,1,1,0,1,1,1,NLC,0,1,1,0,1,0,1,0,0,0,0,0,0,0,0,0,0,1,0,0,1,0,0,1,1,1,0.61,NFkb
NLC,0,1,1,0,1,0,0,1,0,0,0,0,0,1,0,0,0,1,0,0,1,1,0,1,1,1,NLC,0,1,1,0,1,0,0,1,0,0,0,0,0,0,0,0,0,1,0,0,1,0,0,1,1,1,0.61,NFkb
NLC,0,1,1,0,1,0,1,1,0,0,0,0,0,1,0,0,0,1,0,0,1,1,0,1,1,1,NLC,0,1,1,0,1,0,1,1,0,0,0,0,0,0,0,0,0,1,0,0,1,0,0,1,1,1,0.61,NFkb
NLC,0,1,1,0,1,0,0,0,1,0,0,0,0,1,0,0,0,1,0,0,1,1,0,1,1,1,NLC,0,1,1,0,1,0,0,0,1,0,0,0,0,0,0,0,0,1,0,0,1,0,0,1,1,1,0.61,NFkb
NLC,0,1,1,0,1,0,1,0,1,0,0,0,0,1,0,0,0,1,0,0,1,1,0,1,1,1,NLC,0,1,1,0,1,0,1,0,1,0,0,0,0,0,0,0,0,1,0,0,1,0,0,1,1,1,0.61,NFkb
NLC,0,1,1,0,0,0,0,0,0,0,0,0,0,1,0,0,0,1,0,0,1,1,0,1,1,1,NLC,0,1,1,0,0,0,0,0,0,0,0,0,0,0,0,0,0,1,0,0,1,0,0,1,1,1,0.61,NFkb
NLC,0,1,1,0,0,0,1,0,0,0,0,0,0,1,0,0,0,1,0,0,1,1,0,1,1,1,NLC,0,1,1,0,0,0,1,0,0,0,0,0,0,0,0,0,0,1,0,0,1,0,0,1,1,1,0.61,NFkb
NLC,0,1,1,0,0,0,0,1,0,0,0,0,0,1,0,0,0,1,0,0,1,1,0,1,1,1,NLC,0,1,1,0,0,0,0,1,0,0,0,0,0,0,0,0,0,1,0,0,1,0,0,1,1,1,0.61,NFkb
NLC,0,1,1,0,0,0,1,1,0,0,0,0,0,1,0,0,0,1,0,0,1,1,0,1,1,1,NLC,0,1,1,0,0,0,1,1,0,0,0,0,0,0,0,0,0,1,0,0,1,0,0,1,1,1,0.61,NFkb
NLC,0,1,1,0,0,0,0,0,1,0,0,0,0,1,0,0,0,1,0,0,1,1,0,1,1,1,NLC,0,1,1,0,0,0,0,0,1,0,0,0,0,0,0,0,0,1,0,0,1,0,0,1,1,1,0.61,NFkb
NLC,0,1,1,0,0,0,1,0,1,0,0,0,0,1,0,0,0,1,0,0,1,1,0,1,1,1,NLC,0,1,1,0,0,0,1,0,1,0,0,0,0,0,0,0,0,1,0,0,1,0,0,1,1,1,0.61,NFkb
NLC,0,0,1,0,0,0,0,0,0,0,0,0,0,1,0,0,0,1,0,0,1,1,0,1,1,1,NLC,0,0,1,0,0,0,0,0,0,0,0,0,0,0,0,0,0,1,0,0,1,0,0,1,1,1,0.61,NFkb
NLC,0,0,1,0,1,0,0,0,0,0,0,0,0,1,0,0,0,1,0,0,1,1,0,1,1,1,NLC,0,0,1,0,1,0,0,0,0,0,0,0,0,0,0,0,0,1,0,0,1,0,0,1,1,1,0.61,NFkb
NLC,0,0,1,0,0,0,1,0,0,0,0,0,0,1,0,0,0,1,0,0,1,1,0,1,1,1,NLC,0,0,1,0,0,0,1,0,0,0,0,0,0,0,0,0,0,1,0,0,1,0,0,1,1,1,0.61,NFkb
NLC,0,0,1,0,1,0,1,0,0,0,0,0,0,1,0,0,0,1,0,0,1,1,0,1,1,1,NLC,0,0,1,0,1,0,1,0,0,0,0,0,0,0,0,0,0,1,0,0,1,0,0,1,1,1,0.61,NFkb
NLC,0,0,1,0,0,0,0,1,0,0,0,0,0,1,0,0,0,1,0,0,1,1,0,1,1,1,NLC,0,0,1,0,0,0,0,1,0,0,0,0,0,0,0,0,0,1,0,0,1,0,0,1,1,1,0.61,NFkb
NLC,0,0,1,0,1,0,0,1,0,0,0,0,0,1,0,0,0,1,0,0,1,1,0,1,1,1,NLC,0,0,1,0,1,0,0,1,0,0,0,0,0,0,0,0,0,1,0,0,1,0,0,1,1,1,0.61,NFkb
NLC,0,0,1,0,0,0,1,1,0,0,0,0,0,1,0,0,0,1,0,0,1,1,0,1,1,1,NLC,0,0,1,0,0,0,1,1,0,0,0,0,0,0,0,0,0,1,0,0,1,0,0,1,1,1,0.61,NFkb
NLC,0,0,1,0,1,0,1,1,0,0,0,0,0,1,0,0,0,1,0,0,1,1,0,1,1,1,NLC,0,0,1,0,1,0,1,1,0,0,0,0,0,0,0,0,0,1,0,0,1,0,0,1,1,1,0.61,NFkb
NLC,0,0,1,0,0,0,0,0,1,0,0,0,0,1,0,0,0,1,0,0,1,1,0,1,1,1,NLC,0,0,1,0,0,0,0,0,1,0,0,0,0,0,0,0,0,1,0,0,1,0,0,1,1,1,0.61,NFkb
NLC,0,0,1,0,1,0,0,0,1,0,0,0,0,1,0,0,0,1,0,0,1,1,0,1,1,1,NLC,0,0,1,0,1,0,0,0,1,0,0,0,0,0,0,0,0,1,0,0,1,0,0,1,1,1,0.61,NFkb
NLC,0,0,1,0,0,0,1,0,1,0,0,0,0,1,0,0,0,1,0,0,1,1,0,1,1,1,NLC,0,0,1,0,0,0,1,0,1,0,0,0,0,0,0,0,0,1,0,0,1,0,0,1,1,1,0.61,NFkb
NLC,0,0,1,0,1,0,1,0,1,0,0,0,0,1,0,0,0,1,0,0,1,1,0,1,1,1,NLC,0,0,1,0,1,0,1,0,1,0,0,0,0,0,0,0,0,1,0,0,1,0,0,1,1,1,0.61,NFkb
M0,0,1,0,0,1,0,0,0,0,0,0,0,0,1,0,0,0,1,0,0,1,1,0,1,1,0,M0,0,1,0,0,1,0,0,0,0,0,0,0,0,0,0,0,0,1,0,0,1,0,0,1,1,0,0.61,NFkb
M0,0,1,0,0,1,0,1,0,0,0,0,0,0,1,0,0,0,1,0,0,1,1,0,1,1,0,M0,0,1,0,0,1,0,1,0,0,0,0,0,0,0,0,0,0,1,0,0,1,0,0,1,1,0,0.61,NFkb
M0,0,1,0,0,1,0,0,1,0,0,0,0,0,1,0,0,0,1,0,0,1,1,0,1,1,0,M0,0,1,0,0,1,0,0,1,0,0,0,0,0,0,0,0,0,1,0,0,1,0,0,1,1,0,0.61,NFkb
M0,0,1,0,0,1,0,1,1,0,0,0,0,0,1,0,0,0,1,0,0,1,1,0,1,1,0,M0,0,1,0,0,1,0,1,1,0,0,0,0,0,0,0,0,0,1,0,0,1,0,0,1,1,0,0.61,NFkb
M0,0,1,0,0,1,0,0,0,1,0,0,0,0,1,0,0,0,1,0,0,1,1,0,1,1,0,M0,0,1,0,0,1,0,0,0,1,0,0,0,0,0,0,0,0,1,0,0,1,0,0,1,1,0,0.61,NFkb
M0,0,1,0,0,1,0,1,0,1,0,0,0,0,1,0,0,0,1,0,0,1,1,0,1,1,0,M0,0,1,0,0,1,0,1,0,1,0,0,0,0,0,0,0,0,1,0,0,1,0,0,1,1,0,0.61,NFkb
M0,0,0,0,0,0,0,0,0,0,0,0,0,0,1,0,0,0,0,0,0,0,1,0,0,0,0,M0,0,0,0,0,0,0,0,0,0,0,0,0,0,0,0,0,0,0,0,0,0,0,0,0,0,0,0.61,NFkb
M0,0,1,0,0,0,0,0,0,0,0,0,0,0,1,0,0,0,1,0,0,1,1,0,1,1,0,M0,0,1,0,0,0,0,0,0,0,0,0,0,0,0,0,0,0,1,0,0,1,0,0,1,1,0,0.61,NFkb
M0,0,0,1,0,0,0,0,0,0,0,0,0,0,1,0,0,0,0,0,0,0,1,0,0,0,1,M0,0,0,1,0,0,0,0,0,0,0,0,0,0,0,0,0,0,0,0,0,0,0,0,0,0,1,0.61,NFkb
M0,0,0,0,0,0,0,1,0,0,0,0,0,0,1,0,0,0,0,0,0,0,1,0,0,0,0,M0,0,0,0,0,0,0,1,0,0,0,0,0,0,0,0,0,0,0,0,0,0,0,0,0,0,0,0.61,NFkb
M0,0,1,0,0,0,0,1,0,0,0,0,0,0,1,0,0,0,1,0,0,1,1,0,1,1,0,M0,0,1,0,0,0,0,1,0,0,0,0,0,0,0,0,0,0,1,0,0,1,0,0,1,1,0,0.61,NFkb
M0,0,0,1,0,0,0,1,0,0,0,0,0,0,1,0,0,0,0,0,0,0,1,0,0,0,1,M0,0,0,1,0,0,0,1,0,0,0,0,0,0,0,0,0,0,0,0,0,0,0,0,0,0,1,0.61,NFkb
M0,0,0,0,0,0,0,0,1,0,0,0,0,0,1,0,0,0,0,0,0,0,1,0,0,0,0,M0,0,0,0,0,0,0,0,1,0,0,0,0,0,0,0,0,0,0,0,0,0,0,0,0,0,0,0.61,NFkb
M0,0,1,0,0,0,0,0,1,0,0,0,0,0,1,0,0,0,1,0,0,1,1,0,1,1,0,M0,0,1,0,0,0,0,0,1,0,0,0,0,0,0,0,0,0,1,0,0,1,0,0,1,1,0,0.61,NFkb
M0,0,0,1,0,0,0,0,1,0,0,0,0,0,1,0,0,0,0,0,0,0,1,0,0,0,1,M0,0,0,1,0,0,0,0,1,0,0,0,0,0,0,0,0,0,0,0,0,0,0,0,0,0,1,0.61,NFkb
M0,0,0,0,0,0,0,1,1,0,0,0,0,0,1,0,0,0,0,0,0,0,1,0,0,0,0,M0,0,0,0,0,0,0,1,1,0,0,0,0,0,0,0,0,0,0,0,0,0,0,0,0,0,0,0.61,NFkb
M0,0,1,0,0,0,0,1,1,0,0,0,0,0,1,0,0,0,1,0,0,1,1,0,1,1,0,M0,0,1,0,0,0,0,1,1,0,0,0,0,0,0,0,0,0,1,0,0,1,0,0,1,1,0,0.61,NFkb
M0,0,0,1,0,0,0,1,1,0,0,0,0,0,1,0,0,0,0,0,0,0,1,0,0,0,1,M0,0,0,1,0,0,0,1,1,0,0,0,0,0,0,0,0,0,0,0,0,0,0,0,0,0,1,0.61,NFkb
M0,0,0,0,0,0,0,0,0,1,0,0,0,0,1,0,0,0,0,0,0,0,1,0,0,0,0,M0,0,0,0,0,0,0,0,0,1,0,0,0,0,0,0,0,0,0,0,0,0,0,0,0,0,0,0.61,NFkb
M0,0,1,0,0,0,0,0,0,1,0,0,0,0,1,0,0,0,1,0,0,1,1,0,1,1,0,M0,0,1,0,0,0,0,0,0,1,0,0,0,0,0,0,0,0,1,0,0,1,0,0,1,1,0,0.61,NFkb
M0,0,0,1,0,0,0,0,0,1,0,0,0,0,1,0,0,0,0,0,0,0,1,0,0,0,1,M0,0,0,1,0,0,0,0,0,1,0,0,0,0,0,0,0,0,0,0,0,0,0,0,0,0,1,0.61,NFkb
M0,0,0,0,0,0,0,1,0,1,0,0,0,0,1,0,0,0,0,0,0,0,1,0,0,0,0,M0,0,0,0,0,0,0,1,0,1,0,0,0,0,0,0,0,0,0,0,0,0,0,0,0,0,0,0.61,NFkb
M0,0,1,0,0,0,0,1,0,1,0,0,0,0,1,0,0,0,1,0,0,1,1,0,1,1,0,M0,0,1,0,0,0,0,1,0,1,0,0,0,0,0,0,0,0,1,0,0,1,0,0,1,1,0,0.61,NFkb
M0,0,0,1,0,0,0,1,0,1,0,0,0,0,1,0,0,0,0,0,0,0,1,0,0,0,1,M0,0,0,1,0,0,0,1,0,1,0,0,0,0,0,0,0,0,0,0,0,0,0,0,0,0,1,0.61,NFkb
M0,0,0,0,0,0,0,0,0,0,0,0,0,0,1,0,0,0,1,0,0,1,1,0,1,1,0,M0,0,0,0,0,0,0,0,0,0,0,0,0,0,0,0,0,0,1,0,0,1,0,0,1,1,0,0.61,NFkb
M0,0,0,0,0,1,0,0,0,0,0,0,0,0,1,0,0,0,1,0,0,1,1,0,1,1,0,M0,0,0,0,0,1,0,0,0,0,0,0,0,0,0,0,0,0,1,0,0,1,0,0,1,1,0,0.61,NFkb
M0,0,0,0,0,0,0,1,0,0,0,0,0,0,1,0,0,0,1,0,0,1,1,0,1,1,0,M0,0,0,0,0,0,0,1,0,0,0,0,0,0,0,0,0,0,1,0,0,1,0,0,1,1,0,0.61,NFkb
M0,0,0,0,0,1,0,1,0,0,0,0,0,0,1,0,0,0,1,0,0,1,1,0,1,1,0,M0,0,0,0,0,1,0,1,0,0,0,0,0,0,0,0,0,0,1,0,0,1,0,0,1,1,0,0.61,NFkb
M0,0,0,0,0,0,0,0,1,0,0,0,0,0,1,0,0,0,1,0,0,1,1,0,1,1,0,M0,0,0,0,0,0,0,0,1,0,0,0,0,0,0,0,0,0,1,0,0,1,0,0,1,1,0,0.61,NFkb
M0,0,0,0,0,1,0,0,1,0,0,0,0,0,1,0,0,0,1,0,0,1,1,0,1,1,0,M0,0,0,0,0,1,0,0,1,0,0,0,0,0,0,0,0,0,1,0,0,1,0,0,1,1,0,0.61,NFkb
M0,0,0,0,0,0,0,1,1,0,0,0,0,0,1,0,0,0,1,0,0,1,1,0,1,1,0,M0,0,0,0,0,0,0,1,1,0,0,0,0,0,0,0,0,0,1,0,0,1,0,0,1,1,0,0.61,NFkb
M0,0,0,0,0,1,0,1,1,0,0,0,0,0,1,0,0,0,1,0,0,1,1,0,1,1,0,M0,0,0,0,0,1,0,1,1,0,0,0,0,0,0,0,0,0,1,0,0,1,0,0,1,1,0,0.61,NFkb
M0,0,0,0,0,0,0,0,0,1,0,0,0,0,1,0,0,0,1,0,0,1,1,0,1,1,0,M0,0,0,0,0,0,0,0,0,1,0,0,0,0,0,0,0,0,1,0,0,1,0,0,1,1,0,0.61,NFkb
M0,0,0,0,0,1,0,0,0,1,0,0,0,0,1,0,0,0,1,0,0,1,1,0,1,1,0,M0,0,0,0,0,1,0,0,0,1,0,0,0,0,0,0,0,0,1,0,0,1,0,0,1,1,0,0.61,NFkb
M0,0,0,0,0,0,0,1,0,1,0,0,0,0,1,0,0,0,1,0,0,1,1,0,1,1,0,M0,0,0,0,0,0,0,1,0,1,0,0,0,0,0,0,0,0,1,0,0,1,0,0,1,1,0,0.61,NFkb
M0,0,0,0,0,1,0,1,0,1,0,0,0,0,1,0,0,0,1,0,0,1,1,0,1,1,0,M0,0,0,0,0,1,0,1,0,1,0,0,0,0,0,0,0,0,1,0,0,1,0,0,1,1,0,0.61,NFkb
NLC,0,1,1,0,1,0,0,0,0,0,0,0,0,0,0,0,0,1,0,0,1,0,0,1,1,1,NLC,0,1,1,0,1,0,0,0,0,0,0,0,0,1,0,0,0,1,0,0,1,1,0,1,1,1,1.83,STAT3
NLC,0,1,1,0,1,0,1,0,0,0,0,0,0,0,0,0,0,1,0,0,1,0,0,1,1,1,NLC,0,1,1,0,1,0,1,0,0,0,0,0,0,1,0,0,0,1,0,0,1,1,0,1,1,1,1.83,STAT3
NLC,0,1,1,0,1,0,0,1,0,0,0,0,0,0,0,0,0,1,0,0,1,0,0,1,1,1,NLC,0,1,1,0,1,0,0,1,0,0,0,0,0,1,0,0,0,1,0,0,1,1,0,1,1,1,1.83,STAT3
NLC,0,1,1,0,1,0,1,1,0,0,0,0,0,0,0,0,0,1,0,0,1,0,0,1,1,1,NLC,0,1,1,0,1,0,1,1,0,0,0,0,0,1,0,0,0,1,0,0,1,1,0,1,1,1,1.83,STAT3
NLC,0,1,1,0,1,0,0,0,1,0,0,0,0,0,0,0,0,1,0,0,1,0,0,1,1,1,NLC,0,1,1,0,1,0,0,0,1,0,0,0,0,1,0,0,0,1,0,0,1,1,0,1,1,1,1.83,STAT3
NLC,0,1,1,0,1,0,1,0,1,0,0,0,0,0,0,0,0,1,0,0,1,0,0,1,1,1,NLC,0,1,1,0,1,0,1,0,1,0,0,0,0,1,0,0,0,1,0,0,1,1,0,1,1,1,1.83,STAT3
NLC,0,0,1,0,0,0,0,0,0,0,0,0,0,0,0,0,0,1,0,0,1,0,0,1,1,1,M0,0,0,1,0,0,0,0,0,0,0,0,0,0,0,0,0,0,0,0,0,0,0,0,0,0,1,2.95,STAT3
NLC,1,0,1,0,0,0,0,0,0,0,0,0,0,1,0,0,0,1,0,0,1,1,0,1,1,1,M0,1,0,1,0,0,0,0,0,0,0,0,0,0,1,0,0,0,0,0,0,0,1,0,0,0,1,2.95,STAT3
NLC,0,0,1,0,1,0,0,0,0,0,0,0,0,0,0,0,0,1,0,0,1,0,0,1,1,1,M1,0,0,1,0,1,0,0,0,0,0,0,0,1,1,0,0,0,0,0,1,0,1,1,0,0,1,2.48,STAT3
NLC,1,0,1,0,1,0,0,0,0,0,0,0,0,1,0,0,0,1,0,0,1,1,0,1,1,1,M1,1,0,1,0,1,0,0,0,0,0,0,0,1,1,0,0,0,0,0,1,0,1,1,0,0,1,2.48,STAT3
NLC,0,0,1,0,0,0,1,0,0,0,0,0,0,0,0,0,0,1,0,0,1,0,0,1,1,1,M0,0,0,1,0,0,0,1,0,0,0,0,0,0,0,0,0,0,0,0,0,0,0,0,0,0,1,2.95,STAT3
NLC,0,0,1,0,1,0,1,0,0,0,0,0,0,0,0,0,0,1,0,0,1,0,0,1,1,1,M1,0,0,1,0,1,0,1,0,0,0,0,0,1,1,0,0,0,0,0,1,0,1,1,0,0,1,2.48,STAT3
NLC,0,0,1,0,0,0,0,1,0,0,0,0,0,0,0,0,0,1,0,0,1,0,0,1,1,1,M0,0,0,1,0,0,0,0,1,0,0,0,0,0,0,0,0,0,0,0,0,0,0,0,0,0,1,2.95,STAT3
NLC,1,0,1,0,0,0,0,1,0,0,0,0,0,1,0,0,0,1,0,0,1,1,0,1,1,1,M0,1,0,1,0,0,0,0,1,0,0,0,0,0,1,0,0,0,0,0,0,0,1,0,0,0,1,2.95,STAT3
NLC,0,0,1,0,1,0,0,1,0,0,0,0,0,0,0,0,0,1,0,0,1,0,0,1,1,1,M1,0,0,1,0,1,0,0,1,0,0,0,0,1,1,0,0,0,0,0,1,0,1,1,0,0,1,2.48,STAT3
NLC,1,0,1,0,1,0,0,1,0,0,0,0,0,1,0,0,0,1,0,0,1,1,0,1,1,1,M1,1,0,1,0,1,0,0,1,0,0,0,0,1,1,0,0,0,0,0,1,0,1,1,0,0,1,2.48,STAT3
NLC,0,0,1,0,0,0,1,1,0,0,0,0,0,0,0,0,0,1,0,0,1,0,0,1,1,1,M0,0,0,1,0,0,0,1,1,0,0,0,0,0,0,0,0,0,0,0,0,0,0,0,0,0,1,2.95,STAT3
NLC,0,0,1,0,1,0,1,1,0,0,0,0,0,0,0,0,0,1,0,0,1,0,0,1,1,1,M1,0,0,1,0,1,0,1,1,0,0,0,0,1,1,0,0,0,0,0,1,0,1,1,0,0,1,2.48,STAT3
NLC,0,0,1,0,0,0,0,0,1,0,0,0,0,0,0,0,0,1,0,0,1,0,0,1,1,1,M0,0,0,1,0,0,0,0,0,1,0,0,0,0,0,0,0,0,0,0,0,0,0,0,0,0,1,2.95,STAT3
NLC,1,0,1,0,0,0,0,0,1,0,0,0,0,1,0,0,0,1,0,0,1,1,0,1,1,1,M0,1,0,1,0,0,0,0,0,1,0,0,0,0,1,0,0,0,0,0,0,0,1,0,0,0,1,2.95,STAT3
NLC,0,0,1,0,1,0,0,0,1,0,0,0,0,0,0,0,0,1,0,0,1,0,0,1,1,1,M1,0,0,1,0,1,0,0,0,1,0,0,0,1,1,0,0,0,0,0,1,0,1,1,0,0,1,2.48,STAT3
NLC,1,0,1,0,1,0,0,0,1,0,0,0,0,1,0,0,0,1,0,0,1,1,0,1,1,1,M1,1,0,1,0,1,0,0,0,1,0,0,0,1,1,0,0,0,0,0,1,0,1,1,0,0,1,2.48,STAT3
NLC,0,0,1,0,0,0,1,0,1,0,0,0,0,0,0,0,0,1,0,0,1,0,0,1,1,1,M0,0,0,1,0,0,0,1,0,1,0,0,0,0,0,0,0,0,0,0,0,0,0,0,0,0,1,2.95,STAT3
NLC,0,0,1,0,1,0,1,0,1,0,0,0,0,0,0,0,0,1,0,0,1,0,0,1,1,1,M1,0,0,1,0,1,0,1,0,1,0,0,0,1,1,0,0,0,0,0,1,0,1,1,0,0,1,2.48,STAT3
NLC,0,0,1,0,0,0,0,0,0,0,0,0,0,1,0,0,0,1,0,0,1,1,0,1,1,1,M0,0,0,1,0,0,0,0,0,0,0,0,0,0,1,0,0,0,0,0,0,0,1,0,0,0,1,2.95,STAT3
NLC,0,0,1,0,1,0,0,0,0,0,0,0,0,1,0,0,0,1,0,0,1,1,0,1,1,1,M1,0,0,1,0,1,0,0,0,0,0,0,0,1,1,0,0,0,0,0,1,0,1,1,0,0,1,2.48,STAT3
NLC,0,0,1,0,0,0,1,0,0,0,0,0,0,1,0,0,0,1,0,0,1,1,0,1,1,1,M0,0,0,1,0,0,0,1,0,0,0,0,0,0,1,0,0,0,0,0,0,0,1,0,0,0,1,2.95,STAT3
NLC,0,0,1,0,1,0,1,0,0,0,0,0,0,1,0,0,0,1,0,0,1,1,0,1,1,1,M1,0,0,1,0,1,0,1,0,0,0,0,0,1,1,0,0,0,0,0,1,0,1,1,0,0,1,2.48,STAT3
NLC,0,0,1,0,0,0,0,1,0,0,0,0,0,1,0,0,0,1,0,0,1,1,0,1,1,1,M0,0,0,1,0,0,0,0,1,0,0,0,0,0,1,0,0,0,0,0,0,0,1,0,0,0,1,2.95,STAT3
NLC,0,0,1,0,1,0,0,1,0,0,0,0,0,1,0,0,0,1,0,0,1,1,0,1,1,1,M1,0,0,1,0,1,0,0,1,0,0,0,0,1,1,0,0,0,0,0,1,0,1,1,0,0,1,2.48,STAT3
NLC,0,0,1,0,0,0,1,1,0,0,0,0,0,1,0,0,0,1,0,0,1,1,0,1,1,1,M0,0,0,1,0,0,0,1,1,0,0,0,0,0,1,0,0,0,0,0,0,0,1,0,0,0,1,2.95,STAT3
NLC,0,0,1,0,1,0,1,1,0,0,0,0,0,1,0,0,0,1,0,0,1,1,0,1,1,1,M1,0,0,1,0,1,0,1,1,0,0,0,0,1,1,0,0,0,0,0,1,0,1,1,0,0,1,2.48,STAT3
NLC,0,0,1,0,0,0,0,0,1,0,0,0,0,1,0,0,0,1,0,0,1,1,0,1,1,1,M0,0,0,1,0,0,0,0,0,1,0,0,0,0,1,0,0,0,0,0,0,0,1,0,0,0,1,2.95,STAT3
NLC,0,0,1,0,1,0,0,0,1,0,0,0,0,1,0,0,0,1,0,0,1,1,0,1,1,1,M1,0,0,1,0,1,0,0,0,1,0,0,0,1,1,0,0,0,0,0,1,0,1,1,0,0,1,2.48,STAT3
NLC,0,0,1,0,0,0,1,0,1,0,0,0,0,1,0,0,0,1,0,0,1,1,0,1,1,1,M0,0,0,1,0,0,0,1,0,1,0,0,0,0,1,0,0,0,0,0,0,0,1,0,0,0,1,2.95,STAT3
NLC,0,0,1,0,1,0,1,0,1,0,0,0,0,1,0,0,0,1,0,0,1,1,0,1,1,1,M1,0,0,1,0,1,0,1,0,1,0,0,0,1,1,0,0,0,0,0,1,0,1,1,0,0,1,2.48,STAT3
M0,0,1,0,0,1,0,0,0,0,0,0,0,0,0,0,0,0,1,0,0,1,0,0,1,1,0,M0,0,1,0,0,1,0,0,0,0,0,0,0,0,1,0,0,0,1,0,0,1,1,0,1,1,0,1.83,STAT3
M0,0,1,0,0,1,0,1,0,0,0,0,0,0,0,0,0,0,1,0,0,1,0,0,1,1,0,M0,0,1,0,0,1,0,1,0,0,0,0,0,0,1,0,0,0,1,0,0,1,1,0,1,1,0,1.83,STAT3
M0,0,1,0,0,1,0,0,1,0,0,0,0,0,0,0,0,0,1,0,0,1,0,0,1,1,0,M0,0,1,0,0,1,0,0,1,0,0,0,0,0,1,0,0,0,1,0,0,1,1,0,1,1,0,1.83,STAT3
M0,0,1,0,0,1,0,1,1,0,0,0,0,0,0,0,0,0,1,0,0,1,0,0,1,1,0,M0,0,1,0,0,1,0,1,1,0,0,0,0,0,1,0,0,0,1,0,0,1,1,0,1,1,0,1.83,STAT3
M0,0,1,0,0,1,0,0,0,1,0,0,0,0,0,0,0,0,1,0,0,1,0,0,1,1,0,M0,0,1,0,0,1,0,0,0,1,0,0,0,0,1,0,0,0,1,0,0,1,1,0,1,1,0,1.83,STAT3
M0,0,1,0,0,1,0,1,0,1,0,0,0,0,0,0,0,0,1,0,0,1,0,0,1,1,0,M0,0,1,0,0,1,0,1,0,1,0,0,0,0,1,0,0,0,1,0,0,1,1,0,1,1,0,1.83,STAT3
M0,0,0,0,0,0,0,0,0,0,0,0,0,0,0,0,0,0,1,0,0,1,0,0,1,1,0,M0,0,0,0,0,0,0,0,0,0,0,0,0,0,0,0,0,0,0,0,0,0,0,0,0,0,0,2.95,STAT3
M0,1,0,0,0,0,0,0,0,0,0,0,0,0,1,0,0,0,1,0,0,1,1,0,1,1,0,M0,1,0,0,0,0,0,0,0,0,0,0,0,0,1,0,0,0,0,0,0,0,1,0,0,0,0,2.95,STAT3
M0,0,0,0,1,0,0,0,0,0,0,1,1,0,1,0,0,0,1,0,0,1,1,0,1,0,0,M0,0,0,0,1,0,0,0,0,0,0,1,1,0,1,0,0,0,0,0,0,0,1,0,0,0,0,2.99,STAT3
M0,1,0,0,1,0,0,0,0,0,0,1,1,0,1,0,0,0,1,0,0,1,1,0,1,0,0,M0,1,0,0,1,0,0,0,0,0,0,1,1,0,1,0,0,0,0,0,0,0,1,0,0,0,0,2.87,STAT3
M0,0,0,1,1,0,0,0,0,0,0,1,1,0,1,0,0,0,1,0,0,1,1,0,1,0,1,M0,0,0,1,1,0,0,0,0,0,0,1,1,0,1,0,0,0,0,0,0,0,1,0,0,0,1,2.99,STAT3
M0,1,0,1,1,0,0,0,0,0,0,1,1,0,1,0,0,0,1,0,0,1,1,0,1,0,1,M0,1,0,1,1,0,0,0,0,0,0,1,1,0,1,0,0,0,0,0,0,0,1,0,0,0,1,2.87,STAT3
M0,0,0,0,0,1,0,0,0,0,0,0,0,0,0,0,0,0,1,0,0,1,0,0,1,1,0,M1,0,0,0,0,1,0,0,0,0,0,0,0,1,1,0,0,0,0,0,1,0,1,1,0,0,0,2.48,STAT3
M0,1,0,0,0,1,0,0,0,0,0,0,0,0,1,0,0,0,1,0,0,1,1,0,1,1,0,M1,1,0,0,0,1,0,0,0,0,0,0,0,1,1,0,0,0,0,0,1,0,1,1,0,0,0,2.48,STAT3
M0,0,0,0,1,1,0,0,0,0,0,1,1,0,1,0,0,0,1,0,0,1,1,0,1,0,0,M1,0,0,0,1,1,0,0,0,0,0,1,1,1,1,0,0,0,0,0,1,0,1,1,0,0,0,0.01,STAT3
M0,1,0,0,1,1,0,0,0,0,0,1,1,0,1,0,0,0,1,0,0,1,1,0,1,0,0,M1,1,0,0,1,1,0,0,0,0,0,1,1,1,1,0,0,0,0,0,1,0,1,1,0,0,0,0.01,STAT3
M0,0,0,1,1,1,0,0,0,0,0,1,1,0,1,0,0,0,1,0,0,1,1,0,1,0,1,M1,0,0,1,1,1,0,0,0,0,0,1,1,1,1,0,0,0,0,0,1,0,1,1,0,0,1,0.01,STAT3
M0,1,0,1,1,1,0,0,0,0,0,1,1,0,1,0,0,0,1,0,0,1,1,0,1,0,1,M1,1,0,1,1,1,0,0,0,0,0,1,1,1,1,0,0,0,0,0,1,0,1,1,0,0,1,0.01,STAT3
M0,0,0,0,0,0,1,0,0,0,0,0,1,0,1,0,0,0,1,0,0,1,1,0,1,0,0,M0,0,0,0,0,0,1,0,0,0,0,0,1,0,1,0,0,0,0,0,0,0,1,0,0,0,0,2.87,STAT3
M0,1,0,0,0,0,1,0,0,0,0,0,1,0,1,0,0,0,1,0,0,1,1,0,1,0,0,M0,1,0,0,0,0,1,0,0,0,0,0,1,0,1,0,0,0,0,0,0,0,1,0,0,0,0,2.87,STAT3
M0,0,0,1,0,0,1,0,0,0,0,0,1,0,1,0,0,0,1,0,0,1,1,0,1,0,1,M0,0,0,1,0,0,1,0,0,0,0,0,1,0,1,0,0,0,0,0,0,0,1,0,0,0,1,2.87,STAT3
M0,1,0,1,0,0,1,0,0,0,0,0,1,0,1,0,0,0,1,0,0,1,1,0,1,0,1,M0,1,0,1,0,0,1,0,0,0,0,0,1,0,1,0,0,0,0,0,0,0,1,0,0,0,1,2.87,STAT3
M0,0,0,0,1,0,1,0,0,0,0,1,1,0,1,0,0,0,1,0,0,1,1,0,1,0,0,M0,0,0,0,1,0,1,0,0,0,0,1,1,0,1,0,0,0,0,0,0,0,1,0,0,0,0,2.87,STAT3
M0,1,0,0,1,0,1,0,0,0,0,1,1,0,1,0,0,0,1,0,0,1,1,0,1,0,0,M0,1,0,0,1,0,1,0,0,0,0,1,1,0,1,0,0,0,0,0,0,0,1,0,0,0,0,2.87,STAT3
M0,0,0,1,1,0,1,0,0,0,0,1,1,0,1,0,0,0,1,0,0,1,1,0,1,0,1,M0,0,0,1,1,0,1,0,0,0,0,1,1,0,1,0,0,0,0,0,0,0,1,0,0,0,1,2.87,STAT3
M0,1,0,1,1,0,1,0,0,0,0,1,1,0,1,0,0,0,1,0,0,1,1,0,1,0,1,M0,1,0,1,1,0,1,0,0,0,0,1,1,0,1,0,0,0,0,0,0,0,1,0,0,0,1,2.87,STAT3
M0,0,0,0,0,1,1,0,0,0,0,0,1,0,1,0,0,0,1,0,0,1,1,0,1,0,0,M1,0,0,0,0,1,1,0,0,0,0,0,1,1,1,0,0,0,0,0,1,0,1,1,0,0,0,0.01,STAT3
M0,1,0,0,0,1,1,0,0,0,0,0,1,0,1,0,0,0,1,0,0,1,1,0,1,0,0,M1,1,0,0,0,1,1,0,0,0,0,0,1,1,1,0,0,0,0,0,1,0,1,1,0,0,0,0.01,STAT3
M0,0,0,1,0,1,1,0,0,0,0,0,1,0,1,0,0,0,1,0,0,1,1,0,1,0,1,M1,0,0,1,0,1,1,0,0,0,0,0,1,1,1,0,0,0,0,0,1,0,1,1,0,0,1,0.01,STAT3
M0,1,0,1,0,1,1,0,0,0,0,0,1,0,1,0,0,0,1,0,0,1,1,0,1,0,1,M1,1,0,1,0,1,1,0,0,0,0,0,1,1,1,0,0,0,0,0,1,0,1,1,0,0,1,0.01,STAT3
M0,0,0,0,1,1,1,0,0,0,0,1,1,0,1,0,0,0,1,0,0,1,1,0,1,0,0,M1,0,0,0,1,1,1,0,0,0,0,1,1,1,1,0,0,0,0,0,1,0,1,1,0,0,0,0.01,STAT3
M0,1,0,0,1,1,1,0,0,0,0,1,1,0,1,0,0,0,1,0,0,1,1,0,1,0,0,M1,1,0,0,1,1,1,0,0,0,0,1,1,1,1,0,0,0,0,0,1,0,1,1,0,0,0,0.01,STAT3
M0,0,0,1,1,1,1,0,0,0,0,1,1,0,1,0,0,0,1,0,0,1,1,0,1,0,1,M1,0,0,1,1,1,1,0,0,0,0,1,1,1,1,0,0,0,0,0,1,0,1,1,0,0,1,0.01,STAT3
M0,1,0,1,1,1,1,0,0,0,0,1,1,0,1,0,0,0,1,0,0,1,1,0,1,0,1,M1,1,0,1,1,1,1,0,0,0,0,1,1,1,1,0,0,0,0,0,1,0,1,1,0,0,1,0.01,STAT3
M0,0,0,0,0,0,0,1,0,0,0,0,0,0,0,0,0,0,1,0,0,1,0,0,1,1,0,M0,0,0,0,0,0,0,1,0,0,0,0,0,0,0,0,0,0,0,0,0,0,0,0,0,0,0,2.95,STAT3
M0,0,0,0,1,0,0,1,0,0,0,1,1,0,1,0,0,0,1,0,0,1,1,0,1,0,0,M0,0,0,0,1,0,0,1,0,0,0,1,1,0,1,0,0,0,0,0,0,0,1,0,0,0,0,2.87,STAT3
M0,0,0,1,1,0,0,1,0,0,0,1,1,0,1,0,0,0,1,0,0,1,1,0,1,0,1,M0,0,0,1,1,0,0,1,0,0,0,1,1,0,1,0,0,0,0,0,0,0,1,0,0,0,1,2.87,STAT3
M0,0,0,0,0,1,0,1,0,0,0,0,0,0,0,0,0,0,1,0,0,1,0,0,1,1,0,M1,0,0,0,0,1,0,1,0,0,0,0,0,1,1,0,0,0,0,0,1,0,1,1,0,0,0,2.48,STAT3
M0,0,0,0,1,1,0,1,0,0,0,1,1,0,1,0,0,0,1,0,0,1,1,0,1,0,0,M1,0,0,0,1,1,0,1,0,0,0,1,1,1,1,0,0,0,0,0,1,0,1,1,0,0,0,0.01,STAT3
M0,0,0,1,1,1,0,1,0,0,0,1,1,0,1,0,0,0,1,0,0,1,1,0,1,0,1,M1,0,0,1,1,1,0,1,0,0,0,1,1,1,1,0,0,0,0,0,1,0,1,1,0,0,1,0.01,STAT3
M0,0,0,0,0,0,0,0,1,0,0,0,0,0,0,0,0,0,1,0,0,1,0,0,1,1,0,M0,0,0,0,0,0,0,0,1,0,0,0,0,0,0,0,0,0,0,0,0,0,0,0,0,0,0,2.95,STAT3
M0,1,0,0,0,0,0,0,1,0,0,0,0,0,1,0,0,0,1,0,0,1,1,0,1,1,0,M0,1,0,0,0,0,0,0,1,0,0,0,0,0,1,0,0,0,0,0,0,0,1,0,0,0,0,2.95,STAT3
M0,0,0,0,1,0,0,0,1,0,0,1,1,0,1,0,0,0,1,0,0,1,1,0,1,0,0,M0,0,0,0,1,0,0,0,1,0,0,1,1,0,1,0,0,0,0,0,0,0,1,0,0,0,0,2.99,STAT3
M0,1,0,0,1,0,0,0,1,0,0,1,1,0,1,0,0,0,1,0,0,1,1,0,1,0,0,M0,1,0,0,1,0,0,0,1,0,0,1,1,0,1,0,0,0,0,0,0,0,1,0,0,0,0,2.99,STAT3
M0,0,0,1,1,0,0,0,1,0,0,1,1,0,1,0,0,0,1,0,0,1,1,0,1,0,1,M0,0,0,1,1,0,0,0,1,0,0,1,1,0,1,0,0,0,0,0,0,0,1,0,0,0,1,2.99,STAT3
M0,1,0,1,1,0,0,0,1,0,0,1,1,0,1,0,0,0,1,0,0,1,1,0,1,0,1,M0,1,0,1,1,0,0,0,1,0,0,1,1,0,1,0,0,0,0,0,0,0,1,0,0,0,1,2.99,STAT3
M0,0,0,0,0,1,0,0,1,0,0,0,0,0,0,0,0,0,1,0,0,1,0,0,1,1,0,M1,0,0,0,0,1,0,0,1,0,0,0,0,1,1,0,0,0,0,0,1,0,1,1,0,0,0,2.48,STAT3
M0,1,0,0,0,1,0,0,1,0,0,0,0,0,1,0,0,0,1,0,0,1,1,0,1,1,0,M1,1,0,0,0,1,0,0,1,0,0,0,0,1,1,0,0,0,0,0,1,0,1,1,0,0,0,2.48,STAT3
M0,0,0,0,1,1,0,0,1,0,0,1,1,0,1,0,0,0,1,0,0,1,1,0,1,0,0,M1,0,0,0,1,1,0,0,1,0,0,1,1,1,1,0,0,0,0,0,1,0,1,1,0,0,0,0.01,STAT3
M0,1,0,0,1,1,0,0,1,0,0,1,1,0,1,0,0,0,1,0,0,1,1,0,1,0,0,M1,1,0,0,1,1,0,0,1,0,0,1,1,1,1,0,0,0,0,0,1,0,1,1,0,0,0,0.01,STAT3
M0,0,0,1,1,1,0,0,1,0,0,1,1,0,1,0,0,0,1,0,0,1,1,0,1,0,1,M1,0,0,1,1,1,0,0,1,0,0,1,1,1,1,0,0,0,0,0,1,0,1,1,0,0,1,0.01,STAT3
M0,1,0,1,1,1,0,0,1,0,0,1,1,0,1,0,0,0,1,0,0,1,1,0,1,0,1,M1,1,0,1,1,1,0,0,1,0,0,1,1,1,1,0,0,0,0,0,1,0,1,1,0,0,1,0.01,STAT3
M0,0,0,0,0,0,1,0,1,0,0,0,1,0,1,0,0,0,1,0,0,1,1,0,1,0,0,M0,0,0,0,0,0,1,0,1,0,0,0,1,0,1,0,0,0,0,0,0,0,1,0,0,0,0,2.99,STAT3
M0,1,0,0,0,0,1,0,1,0,0,0,1,0,1,0,0,0,1,0,0,1,1,0,1,0,0,M0,1,0,0,0,0,1,0,1,0,0,0,1,0,1,0,0,0,0,0,0,0,1,0,0,0,0,2.99,STAT3
M0,0,0,1,0,0,1,0,1,0,0,0,1,0,1,0,0,0,1,0,0,1,1,0,1,0,1,M0,0,0,1,0,0,1,0,1,0,0,0,1,0,1,0,0,0,0,0,0,0,1,0,0,0,1,2.99,STAT3
M0,1,0,1,0,0,1,0,1,0,0,0,1,0,1,0,0,0,1,0,0,1,1,0,1,0,1,M0,1,0,1,0,0,1,0,1,0,0,0,1,0,1,0,0,0,0,0,0,0,1,0,0,0,1,2.99,STAT3
M0,0,0,0,1,0,1,0,1,0,0,1,1,0,1,0,0,0,1,0,0,1,1,0,1,0,0,M0,0,0,0,1,0,1,0,1,0,0,1,1,0,1,0,0,0,0,0,0,0,1,0,0,0,0,2.99,STAT3
M0,1,0,0,1,0,1,0,1,0,0,1,1,0,1,0,0,0,1,0,0,1,1,0,1,0,0,M0,1,0,0,1,0,1,0,1,0,0,1,1,0,1,0,0,0,0,0,0,0,1,0,0,0,0,2.99,STAT3
M0,0,0,1,1,0,1,0,1,0,0,1,1,0,1,0,0,0,1,0,0,1,1,0,1,0,1,M0,0,0,1,1,0,1,0,1,0,0,1,1,0,1,0,0,0,0,0,0,0,1,0,0,0,1,2.99,STAT3
M0,1,0,1,1,0,1,0,1,0,0,1,1,0,1,0,0,0,1,0,0,1,1,0,1,0,1,M0,1,0,1,1,0,1,0,1,0,0,1,1,0,1,0,0,0,0,0,0,0,1,0,0,0,1,2.99,STAT3
M0,0,0,0,0,1,1,0,1,0,0,0,1,0,1,0,0,0,1,0,0,1,1,0,1,0,0,M1,0,0,0,0,1,1,0,1,0,0,0,1,1,1,0,0,0,0,0,1,0,1,1,0,0,0,0.01,STAT3
M0,1,0,0,0,1,1,0,1,0,0,0,1,0,1,0,0,0,1,0,0,1,1,0,1,0,0,M1,1,0,0,0,1,1,0,1,0,0,0,1,1,1,0,0,0,0,0,1,0,1,1,0,0,0,0.01,STAT3
M0,0,0,1,0,1,1,0,1,0,0,0,1,0,1,0,0,0,1,0,0,1,1,0,1,0,1,M1,0,0,1,0,1,1,0,1,0,0,0,1,1,1,0,0,0,0,0,1,0,1,1,0,0,1,0.01,STAT3
M0,1,0,1,0,1,1,0,1,0,0,0,1,0,1,0,0,0,1,0,0,1,1,0,1,0,1,M1,1,0,1,0,1,1,0,1,0,0,0,1,1,1,0,0,0,0,0,1,0,1,1,0,0,1,0.01,STAT3
M0,0,0,0,1,1,1,0,1,0,0,1,1,0,1,0,0,0,1,0,0,1,1,0,1,0,0,M1,0,0,0,1,1,1,0,1,0,0,1,1,1,1,0,0,0,0,0,1,0,1,1,0,0,0,0.01,STAT3
M0,1,0,0,1,1,1,0,1,0,0,1,1,0,1,0,0,0,1,0,0,1,1,0,1,0,0,M1,1,0,0,1,1,1,0,1,0,0,1,1,1,1,0,0,0,0,0,1,0,1,1,0,0,0,0.01,STAT3
M0,0,0,1,1,1,1,0,1,0,0,1,1,0,1,0,0,0,1,0,0,1,1,0,1,0,1,M1,0,0,1,1,1,1,0,1,0,0,1,1,1,1,0,0,0,0,0,1,0,1,1,0,0,1,0.01,STAT3
M0,1,0,1,1,1,1,0,1,0,0,1,1,0,1,0,0,0,1,0,0,1,1,0,1,0,1,M1,1,0,1,1,1,1,0,1,0,0,1,1,1,1,0,0,0,0,0,1,0,1,1,0,0,1,0.01,STAT3
M0,0,0,0,0,0,0,1,1,0,0,0,0,0,0,0,0,0,1,0,0,1,0,0,1,1,0,M0,0,0,0,0,0,0,1,1,0,0,0,0,0,0,0,0,0,0,0,0,0,0,0,0,0,0,2.95,STAT3
M0,0,0,0,1,0,0,1,1,0,0,1,1,0,1,0,0,0,1,0,0,1,1,0,1,0,0,M0,0,0,0,1,0,0,1,1,0,0,1,1,0,1,0,0,0,0,0,0,0,1,0,0,0,0,2.87,STAT3
M0,0,0,1,1,0,0,1,1,0,0,1,1,0,1,0,0,0,1,0,0,1,1,0,1,0,1,M0,0,0,1,1,0,0,1,1,0,0,1,1,0,1,0,0,0,0,0,0,0,1,0,0,0,1,2.87,STAT3
M0,0,0,0,0,1,0,1,1,0,0,0,0,0,0,0,0,0,1,0,0,1,0,0,1,1,0,M1,0,0,0,0,1,0,1,1,0,0,0,0,1,1,0,0,0,0,0,1,0,1,1,0,0,0,2.48,STAT3
M0,0,0,0,1,1,0,1,1,0,0,1,1,0,1,0,0,0,1,0,0,1,1,0,1,0,0,M1,0,0,0,1,1,0,1,1,0,0,1,1,1,1,0,0,0,0,0,1,0,1,1,0,0,0,0.01,STAT3
M0,0,0,1,1,1,0,1,1,0,0,1,1,0,1,0,0,0,1,0,0,1,1,0,1,0,1,M1,0,0,1,1,1,0,1,1,0,0,1,1,1,1,0,0,0,0,0,1,0,1,1,0,0,1,0.01,STAT3
M0,0,0,0,0,0,0,0,0,1,0,0,0,0,0,0,0,0,1,0,0,1,0,0,1,1,0,M0,0,0,0,0,0,0,0,0,1,0,0,0,0,0,0,0,0,0,0,0,0,0,0,0,0,0,2.95,STAT3
M0,1,0,0,0,0,0,0,0,1,0,0,0,0,1,0,0,0,1,0,0,1,1,0,1,1,0,M0,1,0,0,0,0,0,0,0,1,0,0,0,0,1,0,0,0,0,0,0,0,1,0,0,0,0,2.95,STAT3
M0,0,0,0,1,0,0,0,0,1,0,1,1,0,1,0,0,0,1,0,0,1,1,0,1,0,0,M0,0,0,0,1,0,0,0,0,1,0,1,1,0,1,0,0,0,0,0,0,0,1,0,0,0,0,2.99,STAT3
M0,1,0,0,1,0,0,0,0,1,0,1,1,0,1,0,0,0,1,0,0,1,1,0,1,0,0,M0,1,0,0,1,0,0,0,0,1,0,1,1,0,1,0,0,0,0,0,0,0,1,0,0,0,0,2.99,STAT3
M0,0,0,1,1,0,0,0,0,1,0,1,1,0,1,0,0,0,1,0,0,1,1,0,1,0,1,M0,0,0,1,1,0,0,0,0,1,0,1,1,0,1,0,0,0,0,0,0,0,1,0,0,0,1,2.99,STAT3
M0,1,0,1,1,0,0,0,0,1,0,1,1,0,1,0,0,0,1,0,0,1,1,0,1,0,1,M0,1,0,1,1,0,0,0,0,1,0,1,1,0,1,0,0,0,0,0,0,0,1,0,0,0,1,2.99,STAT3
M0,0,0,0,0,1,0,0,0,1,0,0,0,0,0,0,0,0,1,0,0,1,0,0,1,1,0,M1,0,0,0,0,1,0,0,0,1,0,0,0,1,1,0,0,0,0,0,1,0,1,1,0,0,0,2.48,STAT3
M0,1,0,0,0,1,0,0,0,1,0,0,0,0,1,0,0,0,1,0,0,1,1,0,1,1,0,M1,1,0,0,0,1,0,0,0,1,0,0,0,1,1,0,0,0,0,0,1,0,1,1,0,0,0,2.48,STAT3
M0,0,0,0,1,1,0,0,0,1,0,1,1,0,1,0,0,0,1,0,0,1,1,0,1,0,0,M1,0,0,0,1,1,0,0,0,1,0,1,1,1,1,0,0,0,0,0,1,0,1,1,0,0,0,0.01,STAT3
M0,1,0,0,1,1,0,0,0,1,0,1,1,0,1,0,0,0,1,0,0,1,1,0,1,0,0,M1,1,0,0,1,1,0,0,0,1,0,1,1,1,1,0,0,0,0,0,1,0,1,1,0,0,0,0.01,STAT3
M0,0,0,1,1,1,0,0,0,1,0,1,1,0,1,0,0,0,1,0,0,1,1,0,1,0,1,M1,0,0,1,1,1,0,0,0,1,0,1,1,1,1,0,0,0,0,0,1,0,1,1,0,0,1,0.01,STAT3
M0,1,0,1,1,1,0,0,0,1,0,1,1,0,1,0,0,0,1,0,0,1,1,0,1,0,1,M1,1,0,1,1,1,0,0,0,1,0,1,1,1,1,0,0,0,0,0,1,0,1,1,0,0,1,0.01,STAT3
M0,0,0,0,0,0,1,0,0,1,0,0,1,0,1,0,0,0,1,0,0,1,1,0,1,0,0,M0,0,0,0,0,0,1,0,0,1,0,0,1,0,1,0,0,0,0,0,0,0,1,0,0,0,0,2.99,STAT3
M0,1,0,0,0,0,1,0,0,1,0,0,1,0,1,0,0,0,1,0,0,1,1,0,1,0,0,M0,1,0,0,0,0,1,0,0,1,0,0,1,0,1,0,0,0,0,0,0,0,1,0,0,0,0,2.99,STAT3
M0,0,0,1,0,0,1,0,0,1,0,0,1,0,1,0,0,0,1,0,0,1,1,0,1,0,1,M0,0,0,1,0,0,1,0,0,1,0,0,1,0,1,0,0,0,0,0,0,0,1,0,0,0,1,2.99,STAT3
M0,1,0,1,0,0,1,0,0,1,0,0,1,0,1,0,0,0,1,0,0,1,1,0,1,0,1,M0,1,0,1,0,0,1,0,0,1,0,0,1,0,1,0,0,0,0,0,0,0,1,0,0,0,1,2.99,STAT3
M0,0,0,0,1,0,1,0,0,1,0,1,1,0,1,0,0,0,1,0,0,1,1,0,1,0,0,M0,0,0,0,1,0,1,0,0,1,0,1,1,0,1,0,0,0,0,0,0,0,1,0,0,0,0,2.99,STAT3
M0,1,0,0,1,0,1,0,0,1,0,1,1,0,1,0,0,0,1,0,0,1,1,0,1,0,0,M0,1,0,0,1,0,1,0,0,1,0,1,1,0,1,0,0,0,0,0,0,0,1,0,0,0,0,2.99,STAT3
M0,0,0,1,1,0,1,0,0,1,0,1,1,0,1,0,0,0,1,0,0,1,1,0,1,0,1,M0,0,0,1,1,0,1,0,0,1,0,1,1,0,1,0,0,0,0,0,0,0,1,0,0,0,1,2.99,STAT3
M0,1,0,1,1,0,1,0,0,1,0,1,1,0,1,0,0,0,1,0,0,1,1,0,1,0,1,M0,1,0,1,1,0,1,0,0,1,0,1,1,0,1,0,0,0,0,0,0,0,1,0,0,0,1,2.99,STAT3
M0,0,0,0,0,1,1,0,0,1,0,0,1,0,1,0,0,0,1,0,0,1,1,0,1,0,0,M1,0,0,0,0,1,1,0,0,1,0,0,1,1,1,0,0,0,0,0,1,0,1,1,0,0,0,0.01,STAT3
M0,1,0,0,0,1,1,0,0,1,0,0,1,0,1,0,0,0,1,0,0,1,1,0,1,0,0,M1,1,0,0,0,1,1,0,0,1,0,0,1,1,1,0,0,0,0,0,1,0,1,1,0,0,0,0.01,STAT3
M0,0,0,1,0,1,1,0,0,1,0,0,1,0,1,0,0,0,1,0,0,1,1,0,1,0,1,M1,0,0,1,0,1,1,0,0,1,0,0,1,1,1,0,0,0,0,0,1,0,1,1,0,0,1,0.01,STAT3
M0,1,0,1,0,1,1,0,0,1,0,0,1,0,1,0,0,0,1,0,0,1,1,0,1,0,1,M1,1,0,1,0,1,1,0,0,1,0,0,1,1,1,0,0,0,0,0,1,0,1,1,0,0,1,0.01,STAT3
M0,0,0,0,1,1,1,0,0,1,0,1,1,0,1,0,0,0,1,0,0,1,1,0,1,0,0,M1,0,0,0,1,1,1,0,0,1,0,1,1,1,1,0,0,0,0,0,1,0,1,1,0,0,0,0.01,STAT3
M0,1,0,0,1,1,1,0,0,1,0,1,1,0,1,0,0,0,1,0,0,1,1,0,1,0,0,M1,1,0,0,1,1,1,0,0,1,0,1,1,1,1,0,0,0,0,0,1,0,1,1,0,0,0,0.01,STAT3
M0,0,0,1,1,1,1,0,0,1,0,1,1,0,1,0,0,0,1,0,0,1,1,0,1,0,1,M1,0,0,1,1,1,1,0,0,1,0,1,1,1,1,0,0,0,0,0,1,0,1,1,0,0,1,0.01,STAT3
M0,1,0,1,1,1,1,0,0,1,0,1,1,0,1,0,0,0,1,0,0,1,1,0,1,0,1,M1,1,0,1,1,1,1,0,0,1,0,1,1,1,1,0,0,0,0,0,1,0,1,1,0,0,1,0.01,STAT3
M0,0,0,0,0,0,0,1,0,1,0,0,0,0,0,0,0,0,1,0,0,1,0,0,1,1,0,M0,0,0,0,0,0,0,1,0,1,0,0,0,0,0,0,0,0,0,0,0,0,0,0,0,0,0,2.95,STAT3
M0,0,0,0,1,0,0,1,0,1,0,1,1,0,1,0,0,0,1,0,0,1,1,0,1,0,0,M0,0,0,0,1,0,0,1,0,1,0,1,1,0,1,0,0,0,0,0,0,0,1,0,0,0,0,2.87,STAT3
M0,0,0,1,1,0,0,1,0,1,0,1,1,0,1,0,0,0,1,0,0,1,1,0,1,0,1,M0,0,0,1,1,0,0,1,0,1,0,1,1,0,1,0,0,0,0,0,0,0,1,0,0,0,1,2.87,STAT3
M0,0,0,0,0,1,0,1,0,1,0,0,0,0,0,0,0,0,1,0,0,1,0,0,1,1,0,M1,0,0,0,0,1,0,1,0,1,0,0,0,1,1,0,0,0,0,0,1,0,1,1,0,0,0,2.48,STAT3
M0,0,0,0,1,1,0,1,0,1,0,1,1,0,1,0,0,0,1,0,0,1,1,0,1,0,0,M1,0,0,0,1,1,0,1,0,1,0,1,1,1,1,0,0,0,0,0,1,0,1,1,0,0,0,0.01,STAT3
M0,0,0,1,1,1,0,1,0,1,0,1,1,0,1,0,0,0,1,0,0,1,1,0,1,0,1,M1,0,0,1,1,1,0,1,0,1,0,1,1,1,1,0,0,0,0,0,1,0,1,1,0,0,1,0.01,STAT3
M0,0,0,0,0,0,0,0,0,0,0,0,1,0,1,0,0,0,1,0,0,1,1,0,1,0,0,M0,0,0,0,0,0,0,0,0,0,0,0,1,0,1,0,0,0,0,0,0,0,1,0,0,0,0,2.99,STAT3
M0,1,0,0,0,0,0,0,0,0,0,0,1,0,1,0,0,0,1,0,0,1,1,0,1,0,0,M0,1,0,0,0,0,0,0,0,0,0,0,1,0,1,0,0,0,0,0,0,0,1,0,0,0,0,2.87,STAT3
M0,0,0,1,0,0,0,0,0,0,0,0,1,0,1,0,0,0,1,0,0,1,1,0,1,0,1,M0,0,0,1,0,0,0,0,0,0,0,0,1,0,1,0,0,0,0,0,0,0,1,0,0,0,1,2.99,STAT3
M0,1,0,1,0,0,0,0,0,0,0,0,1,0,1,0,0,0,1,0,0,1,1,0,1,0,1,M0,1,0,1,0,0,0,0,0,0,0,0,1,0,1,0,0,0,0,0,0,0,1,0,0,0,1,2.87,STAT3
M0,0,0,0,0,1,0,0,0,0,0,0,1,0,1,0,0,0,1,0,0,1,1,0,1,0,0,M1,0,0,0,0,1,0,0,0,0,0,0,1,1,1,0,0,0,0,0,1,0,1,1,0,0,0,0.01,STAT3
M0,1,0,0,0,1,0,0,0,0,0,0,1,0,1,0,0,0,1,0,0,1,1,0,1,0,0,M1,1,0,0,0,1,0,0,0,0,0,0,1,1,1,0,0,0,0,0,1,0,1,1,0,0,0,0.01,STAT3
M0,0,0,1,0,1,0,0,0,0,0,0,1,0,1,0,0,0,1,0,0,1,1,0,1,0,1,M1,0,0,1,0,1,0,0,0,0,0,0,1,1,1,0,0,0,0,0,1,0,1,1,0,0,1,0.01,STAT3
M0,1,0,1,0,1,0,0,0,0,0,0,1,0,1,0,0,0,1,0,0,1,1,0,1,0,1,M1,1,0,1,0,1,0,0,0,0,0,0,1,1,1,0,0,0,0,0,1,0,1,1,0,0,1,0.01,STAT3
M0,0,0,0,0,0,0,1,0,0,0,0,1,0,1,0,0,0,1,0,0,1,1,0,1,0,0,M0,0,0,0,0,0,0,1,0,0,0,0,1,0,1,0,0,0,0,0,0,0,1,0,0,0,0,2.87,STAT3
M0,0,0,1,0,0,0,1,0,0,0,0,1,0,1,0,0,0,1,0,0,1,1,0,1,0,1,M0,0,0,1,0,0,0,1,0,0,0,0,1,0,1,0,0,0,0,0,0,0,1,0,0,0,1,2.87,STAT3
M0,0,0,0,0,1,0,1,0,0,0,0,1,0,1,0,0,0,1,0,0,1,1,0,1,0,0,M1,0,0,0,0,1,0,1,0,0,0,0,1,1,1,0,0,0,0,0,1,0,1,1,0,0,0,0.01,STAT3
M0,0,0,1,0,1,0,1,0,0,0,0,1,0,1,0,0,0,1,0,0,1,1,0,1,0,1,M1,0,0,1,0,1,0,1,0,0,0,0,1,1,1,0,0,0,0,0,1,0,1,1,0,0,1,0.01,STAT3
M0,0,0,0,0,0,0,0,1,0,0,0,1,0,1,0,0,0,1,0,0,1,1,0,1,0,0,M0,0,0,0,0,0,0,0,1,0,0,0,1,0,1,0,0,0,0,0,0,0,1,0,0,0,0,2.99,STAT3
M0,1,0,0,0,0,0,0,1,0,0,0,1,0,1,0,0,0,1,0,0,1,1,0,1,0,0,M0,1,0,0,0,0,0,0,1,0,0,0,1,0,1,0,0,0,0,0,0,0,1,0,0,0,0,2.99,STAT3
M0,0,0,1,0,0,0,0,1,0,0,0,1,0,1,0,0,0,1,0,0,1,1,0,1,0,1,M0,0,0,1,0,0,0,0,1,0,0,0,1,0,1,0,0,0,0,0,0,0,1,0,0,0,1,2.99,STAT3
M0,1,0,1,0,0,0,0,1,0,0,0,1,0,1,0,0,0,1,0,0,1,1,0,1,0,1,M0,1,0,1,0,0,0,0,1,0,0,0,1,0,1,0,0,0,0,0,0,0,1,0,0,0,1,2.99,STAT3
M0,0,0,0,0,1,0,0,1,0,0,0,1,0,1,0,0,0,1,0,0,1,1,0,1,0,0,M1,0,0,0,0,1,0,0,1,0,0,0,1,1,1,0,0,0,0,0,1,0,1,1,0,0,0,0.01,STAT3
M0,1,0,0,0,1,0,0,1,0,0,0,1,0,1,0,0,0,1,0,0,1,1,0,1,0,0,M1,1,0,0,0,1,0,0,1,0,0,0,1,1,1,0,0,0,0,0,1,0,1,1,0,0,0,0.01,STAT3
M0,0,0,1,0,1,0,0,1,0,0,0,1,0,1,0,0,0,1,0,0,1,1,0,1,0,1,M1,0,0,1,0,1,0,0,1,0,0,0,1,1,1,0,0,0,0,0,1,0,1,1,0,0,1,0.01,STAT3
M0,1,0,1,0,1,0,0,1,0,0,0,1,0,1,0,0,0,1,0,0,1,1,0,1,0,1,M1,1,0,1,0,1,0,0,1,0,0,0,1,1,1,0,0,0,0,0,1,0,1,1,0,0,1,0.01,STAT3
M0,0,0,0,0,0,0,1,1,0,0,0,1,0,1,0,0,0,1,0,0,1,1,0,1,0,0,M0,0,0,0,0,0,0,1,1,0,0,0,1,0,1,0,0,0,0,0,0,0,1,0,0,0,0,2.87,STAT3
M0,0,0,1,0,0,0,1,1,0,0,0,1,0,1,0,0,0,1,0,0,1,1,0,1,0,1,M0,0,0,1,0,0,0,1,1,0,0,0,1,0,1,0,0,0,0,0,0,0,1,0,0,0,1,2.87,STAT3
M0,0,0,0,0,1,0,1,1,0,0,0,1,0,1,0,0,0,1,0,0,1,1,0,1,0,0,M1,0,0,0,0,1,0,1,1,0,0,0,1,1,1,0,0,0,0,0,1,0,1,1,0,0,0,0.01,STAT3
M0,0,0,1,0,1,0,1,1,0,0,0,1,0,1,0,0,0,1,0,0,1,1,0,1,0,1,M1,0,0,1,0,1,0,1,1,0,0,0,1,1,1,0,0,0,0,0,1,0,1,1,0,0,1,0.01,STAT3
M0,0,0,0,0,0,0,0,0,1,0,0,1,0,1,0,0,0,1,0,0,1,1,0,1,0,0,M0,0,0,0,0,0,0,0,0,1,0,0,1,0,1,0,0,0,0,0,0,0,1,0,0,0,0,2.99,STAT3
M0,1,0,0,0,0,0,0,0,1,0,0,1,0,1,0,0,0,1,0,0,1,1,0,1,0,0,M0,1,0,0,0,0,0,0,0,1,0,0,1,0,1,0,0,0,0,0,0,0,1,0,0,0,0,2.99,STAT3
M0,0,0,1,0,0,0,0,0,1,0,0,1,0,1,0,0,0,1,0,0,1,1,0,1,0,1,M0,0,0,1,0,0,0,0,0,1,0,0,1,0,1,0,0,0,0,0,0,0,1,0,0,0,1,2.99,STAT3
M0,1,0,1,0,0,0,0,0,1,0,0,1,0,1,0,0,0,1,0,0,1,1,0,1,0,1,M0,1,0,1,0,0,0,0,0,1,0,0,1,0,1,0,0,0,0,0,0,0,1,0,0,0,1,2.99,STAT3
M0,0,0,0,0,1,0,0,0,1,0,0,1,0,1,0,0,0,1,0,0,1,1,0,1,0,0,M1,0,0,0,0,1,0,0,0,1,0,0,1,1,1,0,0,0,0,0,1,0,1,1,0,0,0,0.01,STAT3
M0,1,0,0,0,1,0,0,0,1,0,0,1,0,1,0,0,0,1,0,0,1,1,0,1,0,0,M1,1,0,0,0,1,0,0,0,1,0,0,1,1,1,0,0,0,0,0,1,0,1,1,0,0,0,0.01,STAT3
M0,0,0,1,0,1,0,0,0,1,0,0,1,0,1,0,0,0,1,0,0,1,1,0,1,0,1,M1,0,0,1,0,1,0,0,0,1,0,0,1,1,1,0,0,0,0,0,1,0,1,1,0,0,1,0.01,STAT3
M0,1,0,1,0,1,0,0,0,1,0,0,1,0,1,0,0,0,1,0,0,1,1,0,1,0,1,M1,1,0,1,0,1,0,0,0,1,0,0,1,1,1,0,0,0,0,0,1,0,1,1,0,0,1,0.01,STAT3
M0,0,0,0,0,0,0,1,0,1,0,0,1,0,1,0,0,0,1,0,0,1,1,0,1,0,0,M0,0,0,0,0,0,0,1,0,1,0,0,1,0,1,0,0,0,0,0,0,0,1,0,0,0,0,2.87,STAT3
M0,0,0,1,0,0,0,1,0,1,0,0,1,0,1,0,0,0,1,0,0,1,1,0,1,0,1,M0,0,0,1,0,0,0,1,0,1,0,0,1,0,1,0,0,0,0,0,0,0,1,0,0,0,1,2.87,STAT3
M0,0,0,0,0,1,0,1,0,1,0,0,1,0,1,0,0,0,1,0,0,1,1,0,1,0,0,M1,0,0,0,0,1,0,1,0,1,0,0,1,1,1,0,0,0,0,0,1,0,1,1,0,0,0,0.01,STAT3
M0,0,0,1,0,1,0,1,0,1,0,0,1,0,1,0,0,0,1,0,0,1,1,0,1,0,1,M1,0,0,1,0,1,0,1,0,1,0,0,1,1,1,0,0,0,0,0,1,0,1,1,0,0,1,0.01,STAT3
M0,0,0,0,0,0,0,0,0,0,0,0,0,0,1,0,0,0,1,0,0,1,1,0,1,1,0,M0,0,0,0,0,0,0,0,0,0,0,0,0,0,1,0,0,0,0,0,0,0,1,0,0,0,0,2.95,STAT3
M0,0,0,0,0,1,0,0,0,0,0,0,0,0,1,0,0,0,1,0,0,1,1,0,1,1,0,M1,0,0,0,0,1,0,0,0,0,0,0,0,1,1,0,0,0,0,0,1,0,1,1,0,0,0,2.48,STAT3
M0,0,0,0,0,0,0,1,0,0,0,0,0,0,1,0,0,0,1,0,0,1,1,0,1,1,0,M0,0,0,0,0,0,0,1,0,0,0,0,0,0,1,0,0,0,0,0,0,0,1,0,0,0,0,2.95,STAT3
M0,0,0,0,0,1,0,1,0,0,0,0,0,0,1,0,0,0,1,0,0,1,1,0,1,1,0,M1,0,0,0,0,1,0,1,0,0,0,0,0,1,1,0,0,0,0,0,1,0,1,1,0,0,0,2.48,STAT3
M0,0,0,0,0,0,0,0,1,0,0,0,0,0,1,0,0,0,1,0,0,1,1,0,1,1,0,M0,0,0,0,0,0,0,0,1,0,0,0,0,0,1,0,0,0,0,0,0,0,1,0,0,0,0,2.95,STAT3
M0,0,0,0,0,1,0,0,1,0,0,0,0,0,1,0,0,0,1,0,0,1,1,0,1,1,0,M1,0,0,0,0,1,0,0,1,0,0,0,0,1,1,0,0,0,0,0,1,0,1,1,0,0,0,2.48,STAT3
M0,0,0,0,0,0,0,1,1,0,0,0,0,0,1,0,0,0,1,0,0,1,1,0,1,1,0,M0,0,0,0,0,0,0,1,1,0,0,0,0,0,1,0,0,0,0,0,0,0,1,0,0,0,0,2.95,STAT3
M0,0,0,0,0,1,0,1,1,0,0,0,0,0,1,0,0,0,1,0,0,1,1,0,1,1,0,M1,0,0,0,0,1,0,1,1,0,0,0,0,1,1,0,0,0,0,0,1,0,1,1,0,0,0,2.48,STAT3
M0,0,0,0,0,0,0,0,0,1,0,0,0,0,1,0,0,0,1,0,0,1,1,0,1,1,0,M0,0,0,0,0,0,0,0,0,1,0,0,0,0,1,0,0,0,0,0,0,0,1,0,0,0,0,2.95,STAT3
M0,0,0,0,0,1,0,0,0,1,0,0,0,0,1,0,0,0,1,0,0,1,1,0,1,1,0,M1,0,0,0,0,1,0,0,0,1,0,0,0,1,1,0,0,0,0,0,1,0,1,1,0,0,0,2.48,STAT3
M0,0,0,0,0,0,0,1,0,1,0,0,0,0,1,0,0,0,1,0,0,1,1,0,1,1,0,M0,0,0,0,0,0,0,1,0,1,0,0,0,0,1,0,0,0,0,0,0,0,1,0,0,0,0,2.95,STAT3
M0,0,0,0,0,1,0,1,0,1,0,0,0,0,1,0,0,0,1,0,0,1,1,0,1,1,0,M1,0,0,0,0,1,0,1,0,1,0,0,0,1,1,0,0,0,0,0,1,0,1,1,0,0,0,2.48,STAT3